Отчет по материалам [по назначению],,,,,,,,,
"Материал.ГОСТ Содержит ""гост""
Отбор: Параметры: ШиринаКолонкиИзображения=0; ПериодЦены=01.01.0001 0:00:00; ",,,,,,,,,
,,,,,,,,,
,,,,,,,,,
Отбор:,"Материал.ГОСТ Содержит ""гост""",,,,,,,,
,,,,,,,,,
Родитель,,,,,,,,,Итого
№ в группе,Материал,,,Наименование мир,,ГОСТ,Материал.Цена,Материал.Цена.Вид заготовки,Количество
 1. Углеродистая (нелегир),,,,,,,,,115
1,08пс,,,08F НЕ ИСПОЛЬЗОВАТЬ ЗАМЕНА НА 10,,ГОСТ 1050-2013,,,1
2,0К360В,,,AISI 439,,ГОСТ 16523-97,,,1
3,10,,,10,,ГОСТ 1050-2013,4.30,Лист,1
4,10,,,10,,ГОСТ 1050-2013,4.50,Прокат,1
5,10,,,10,,ГОСТ 1050-2013,5.00,Труба,1
6,10,,,10,,ГОСТ 1050-2013,6.00,Поковка,1
7,10Г2,,,12Mn,,ГОСТ 1050-2013,5.00,Лист,1
8,10Г2,,,12Mn,,ГОСТ 1050-2013,5.00,Прокат,1
9,15,,,15,,ГОСТ 1050-2013,4.50,Лист,1
10,15,,,15,,ГОСТ 1050-2013,4.50,Прокат,1
11,15,,,15,,ГОСТ 1050-2013,5.00,Труба,1
12,15,,,15,,ГОСТ 1050-2013,7.00,Поковка,1
13,15Г,,,15Mn,,ГОСТ 1050-2013,5.00,Лист,1
14,15Г,,,15Mn,,ГОСТ 1050-2013,5.00,Прокат,1
15,15Г,,,15Mn,,ГОСТ 1050-2013,5.70,Поковка,1
16,20,,,20,,ГОСТ 1050-2013,4.30,Лист,1
17,20,,,20,,ГОСТ 1050-2013,4.30,Прокат,1
18,20,,,20,,ГОСТ 1050-2013,5.00,Труба,1
19,20,,,20,,ГОСТ 1050-2013,6.00,Поковка,1
20,20Г,,,20Mn,,ГОСТ 1050-2013,5.00,Лист,1
21,20Г,,,20Mn,,ГОСТ 1050-2013,5.00,Прокат,1
22,20Г,,,20Mn,,ГОСТ 1050-2013,5.70,Поковка,1
23,20К,,,20,,ГОСТ 5520–2017,4.70,Лист,1
24,20К,,,20,,ГОСТ 5520–2017,5.50,Труба,1
25,20-ПВ,,,20,,ГОСТ Р 57423-2017,,,1
26,22К,,,20Mn5,,ГОСТ 5520–2017,,,1
27,25,,,25,,ГОСТ 1050-2013,4.30,Лист,1
28,25,,,25,,ГОСТ 1050-2013,4.30,Прокат,1
29,25,,,25,,ГОСТ 1050-2013,5.00,Труба,1
30,25,,,25,,ГОСТ 1050-2013,6.00,Поковка,1
31,30,,,30,,ГОСТ 1050-2013,4.30,Лист,1
32,30,,,30,,ГОСТ 1050-2013,4.30,Прокат,1
33,30,,,30,,ГОСТ 1050-2013,5.00,Труба,1
34,30,,,30,,ГОСТ 1050-2013,6.00,Поковка,1
35,30Г2,,,30Mn2,,ГОСТ 1050-2013,5.50,Прокат,1
36,30Г2,,,30Mn2,,ГОСТ 1050-2013,6.00,Поковка,1
37,35,,,35,,ГОСТ 1050-2013,4.40,Лист,1
38,35,,,35,,ГОСТ 1050-2013,4.00,Прокат,1
39,35,,,35,,ГОСТ 1050-2013,5.00,Труба,1
40,35,,,35,,ГОСТ 1050-2013,6.00,Поковка,1
41,35Г,,,35Mn2,,ГОСТ 1050-2013,5.50,Прокат,1
42,35Г,,,35Mn2,,ГОСТ 1050-2013,6.00,Поковка,1
43,35Г2,,,35Mn2,,ГОСТ 1050-2013,5.50,Прокат,1
44,35Г2,,,35Mn2,,ГОСТ 1050-2013,8.00,Поковка,1
45,40,,,40,,ГОСТ 1050-2013,4.40,Лист,1
46,40,,,40,,ГОСТ 1050-2013,4.10,Прокат,1
47,40,,,40,,ГОСТ 1050-2013,5.00,Труба,1
48,40,,,40,,ГОСТ 1050-2013,6.00,Поковка,1
49,40Г,,,40CrMn,,ГОСТ 1050-2013,5.50,Прокат,1
50,40Г,,,40CrMn,,ГОСТ 1050-2013,6.00,Поковка,1
51,40Г2,,,40Mn2,,ГОСТ 1050-2013,5.50,Прокат,1
52,40Г2,,,40Mn2,,ГОСТ 1050-2013,6.00,Поковка,1
53,45,,,45,,ГОСТ 1050-2013,4.40,Лист,1
54,45,,,45,,ГОСТ 1050-2013,4.40,Прокат,1
55,45,,,45,,ГОСТ 1050-2013,5.00,Труба,1
56,45,,,45,,ГОСТ 1050-2013,6.00,Поковка,1
57,45А,,,45,,ГОСТ 1050-2013,,,1
58,45Г2,,,45Mn2,,ГОСТ 1050-2013,5.50,Прокат,1
59,45Г2,,,45Mn2,,ГОСТ 1050-2013,8.00,Поковка,1
60,50,,,50,,ГОСТ 1050-2013,5.00,Лист,1
61,50,,,50,,ГОСТ 1050-2013,5.50,Прокат,1
62,50,,,50,,ГОСТ 1050-2013,5.50,Труба,1
63,50,,,50,,ГОСТ 1050-2013,7.00,Поковка,1
64,50Г,,,50G,,ГОСТ 1050-2013,6.00,Поковка,1
65,50Г2,,,50Mn2,,ГОСТ 1050-2013,5.50,Прокат,1
66,50Г2,,,50Mn2,,ГОСТ 1050-2013,7.00,Поковка,1
67,55,,,55,,ГОСТ 1050-2013,4.90,Лист,1
68,55,,,55,,ГОСТ 1050-2013,4.30,Прокат,1
69,55,,,55,,ГОСТ 1050-2013,5.00,Труба,1
70,55,,,55,,ГОСТ 1050-2013,7.00,Поковка,1
71,60,,,60,,ГОСТ 1050-2013,5.50,Труба,1
72,60,,,60,,ГОСТ 1050-2013,7.00,Поковка,1
73,60Г,,,60Mn,,ГОСТ 14959-2016,5.50,Прокат,1
74,60Г,,,60Mn,,ГОСТ 14959-2016,6.50,Поковка,1
75,65,,,65,,ГОСТ 14959-2016,5.50,Лист,1
76,65,,,65,,ГОСТ 14959-2016,5.50,Прокат,1
77,65,,,65,,ГОСТ 14959-2016,7.00,Поковка,1
78,65Г,,,65Mn,,ГОСТ 14959-2016,5.50,Прокат,1
79,65Г,,,65Mn,,ГОСТ 14959-2016,6.00,Поковка,1
80,70,,,70 редко исп,,ГОСТ 14959-2016,7.00,Поковка,1
81,75,,,75,,ГОСТ 14959-2016,7.00,Поковка,1
82,80,,,80,,ГОСТ 14959-2016,,,1
83,C21,,,профнастил,,ГОСТ 24045-2016,,,1
84,Б20,,,"15,20",,ГОСТ 14637-2024,4.20,Труба,1
85,В10,,,,,ГОСТ 10705-80,,,1
86,В20,,,,,ГОСТ 8733-74,4.20,Труба,1
87,ВСт3пс,,,Q235,,ГОСТ 380-2005,,,1
88,ВСт3пс2,,,Q235A,,ГОСТ 24379.1-2012,,,1
89,ВСт3сп4,,,,,ГОСТ 5521-93,,,1
90,М16С,,,,,ГОСТ 6713-2021,,,1
91,М76,,,,,ГОСТ 51685-2022,,,1
92,ОС,,,рельсовый транспорт,,ГОСТ 4728–2010,,,1
93,С235,,,Q235A,,ГОСТ 27772-2021,,,1
94,Ст. 2,,,Q215,,ГОСТ 380-2005,,,1
95,Ст. 2пс,,,Q215,,ГОСТ 380-2005,,,1
96,Ст. 3,,,Q235,,ГОСТ 380-2005,4.30,Лист,1
97,Ст. 3,,,Q235,,ГОСТ 380-2005,4.30,Прокат,1
98,Ст. 3,,,Q235,,ГОСТ 380-2005,5.50,Труба,1
99,Ст. 3,,,Q235,,ГОСТ 380-2005,5.70,Поковка,1
100,Ст. 3кп,,,Q235,,ГОСТ 380-2005,4.30,Лист,1
101,Ст. 3пс,,,Q235,,ГОСТ 380-2005,4.30,Лист,1
102,Ст. 3сп,,,Q235,,ГОСТ 380-2005,4.30,Лист,1
103,Ст. 3сп,,,Q235,,ГОСТ 380-2005,4.30,Прокат,1
104,Ст. 3сп,,,Q235,,ГОСТ 380-2005,5.50,Поковка,1
105,Ст. 4пс,,,Q225,,ГОСТ 380-2005,4.30,Прокат,1
106,Ст. 4пс,,,Q225,,ГОСТ 380-2005,5.70,Поковка,1
107,Ст. 4сп,,,Q255,,ГОСТ 380-2005,5.50,Труба,1
108,Ст. 5,,,Q275,,ГОСТ 14637-2024,4.30,Лист,1
109,Ст. 5,,,Q275,,ГОСТ 14637-2024,4.30,Прокат,1
110,Ст. 5,,,Q275,,ГОСТ 14637-2024,5.50,Труба,1
111,Ст. 5,,,Q275,,ГОСТ 14637-2024,5.70,Поковка,1
112,Ст. 5сп,,,Q275,,ГОСТ 380-2005,,,1
113,Ст. 6пс,,,HRB335,,ГОСТ 380-2005,4.30,Прокат,1
114,Ст. 6сп,,,HRB335,,ГОСТ 14637-2024,,,1
115,Э76,,,рельсовый транспорт,,ГОСТ Р 51685–2022,,,1
 2. Низколегированная,,,,,,,,,64
1,09Г2,,,09Mn2,,ГОСТ 19281-2014,,,1
2,09Г2С,,,12Mn,,ГОСТ 19281-2014,4.00,Лист,1
3,09Г2С,,,12Mn,,ГОСТ 19281-2014,4.00,Прокат,1
4,09Г2С,,,12Mn,,ГОСТ 19281-2014,5.90,Труба,1
5,09Г2С,,,12Mn,,ГОСТ 19281-2014,7.00,Поковка,1
6,09ГСФЮ,,,Q345D,,ГОСТ 19281-2014,,,1
7,10Г2Б,,,09MnNb,,ГОСТ 19281-2014,,,1
8,10ХСНД,,,Q420C,,ГОСТ 19281-2014,8.00,Поковка,1
9,12ГС,,,Q345B,,ГОСТ 19281-2014,,,1
10,12ХМ,,,12CrMo,,ГОСТ 20072-74,,,1
11,12ХМ-18,,,13CrMo4-5,,ГОСТ 5520-2017,,,1
12,12ХН,,,12CrNi2,,ГОСТ 4543-2016,,,1
13,14ХГН,,,НЕТ,,ГОСТ 4543-2016,,,1
14,14ХГС,,,30CrMnSiA,,ГОСТ 4543-2016,,,1
15,15Г2СФ,,,20MnMoB,,ГОСТ 27772-2021,,,1
16,15ГС,,,Q345B,,ГОСТ 19281-2014,,,1
17,15Х,,,15Cr,,ГОСТ 4543-2016,,,1
18,15ХА,,,15CrA,,ГОСТ 4543-2016,,,1
19,15ХМ,,,15CrMo,,ГОСТ 4543-2016,,,1
20,15ХР,,,,,ГОСТ 4543-2016,,,1
21,15ХФ,,,20CrV,,ГОСТ 4543-2016,,,1
22,16Г2АФ,,,Q420C,,ГОСТ 19281-2014,,,1
23,16ГС,,, 1.0445,,ГОСТ 19281-2014,,,1
24,16ХГТА,,,20CrMnTi,,ГОСТ 4543-2016,,,1
25,17Г1С,,,16Mn,,ГОСТ 19281-2014,7.00,Поковка,1
26,17ГС,,,16MnR,,ГОСТ 19281-2014,,,1
27,17ХГ,,,17CrMn,,ГОСТ 4543-2016,,,1
28,18Г2АФ,,,Q460C,,ГОСТ 19281-2014,,,1
29,18ХГ,,,15CrMn,,ГОСТ 4543-2016,8.00,Поковка,1
30,18ХГТ,,,16MnCrS,,ГОСТ 4543-2016,12.00,Поковка,1
31,19ХГН,,,20CrMnTi,,ГОСТ 4543-2016,,,1
32,20ГС,,,НЕТ,,ГОСТ 10884-94,,,1
33,20Н2М,,,4620,,ГОСТ 4543-2016,,,1
34,20Х,,,20Cr,,ГОСТ 4543-2016,12.00,Поковка,1
35,20ХГР,,,20CrMn,,ГОСТ 4543-2016,,,1
36,23Г2А,,,Q345,,ГОСТ 4543-2016,,,1
37,25ГС,,," C 25, Ck 25",,ГОСТ ТУ,,,1
38,27ХГР,,,30MnB4,,ГОСТ 4543-2016,,,1
39,30Х,,,30Cr,,ГОСТ 4543-2016,,,1
40,30ХР,,,,,ГОСТ 4543-2016,,,1
41,33ХС,,,34CrSi6,,ГОСТ 4543-2016,,,1
42,35ГС,,,ZG35SiMn,,ГОСТ 34028-2016,,,1
43,35Х,,,35Cr,,ГОСТ 4543-2016,,,1
44,35ХГР,,,,,ГОСТ 4543-2016,,,1
45,40Г1Р,,,38MnB5 ,,ГОСТ 4543-2016,,,1
46,40ГР,,,40MnB,,ГОСТ 4543-2016,,,1
47,40Х,,,40Cr,,ГОСТ 4543-2016,4.90,Лист,1
48,40Х,,,40Cr,,ГОСТ 4543-2016,4.30,Прокат,1
49,40Х,,,40Cr,,ГОСТ 4543-2016,5.00,Труба,1
50,40Х,,,40Cr,,ГОСТ 4543-2016,6.50,Поковка,1
51,45Х,,,45Cr,,ГОСТ 4543-2016,7.50,Поковка,1
52,50Х,,,50Cr,,ГОСТ 4543-2016,10.00,Поковка,1
53,55Ф,,,SM55,,ГОСТ Р 51220-98,,,1
54,60С2,,,60Si2Mn,,ГОСТ 14959-2016,,,1
55,75Г2Ф,,,Q420B,,ГОСТ 4543-2016,,,1
56,9Г2С,,,12Mn,,ГОСТ 19281-2014,,,1
57,C255,,,S235,,ГОСТ 27772-2021,,,1
58,Powerweld 690,,,НЕТ,,ГОСТ 27772-2021,,,1
59,ОХН1М,,,38CrNiMoA,,ГОСТ 4543‑2016,14.00,Поковка,1
60,С245,,,Q235,,ГОСТ 27772-2021,,,1
61,С255 ,,,S235,,ГОСТ 27772-2021,,,1
62,С345,,,16Mn,,ГОСТ 27772-2021,,,1
63,С390,,,CPM S35 VN,,ГОСТ 27772-2021,,,1
64,С500,,,Hardox 500,,ГОСТ 34286-2017,,,1
 3. Среднелегированная,,,,,,,,,166
1,07Х3ГНМЮА,,,НЕТ,,ГОСТ 4543-2016,,,1
2,10Г2ФБЮ,,,Q420C,,ГОСТ 19281-2014,,,1
3,10Х2М1,,,12Cr2Mo1,,ГОСТ 10885-85,,,1
4,12Х1МФ,,,12Cr1MoV,,ГОСТ 20072-74,,,1
5,12Х2Н4А,,,12Cr2Ni4,,ГОСТ 4543-2016,17.00,Поковка,1
6,12Х2Н4А,,,12Cr2Ni4,,ГОСТ 4543-2016,,,1
7,12Х8ВФ,,,12Cr1MoV,,ГОСТ 20072-74,,,1
8,12ХН2,,,12CrNi2,,ГОСТ 4543-2016,,,1
9,12ХН3А,,,12CrNi3,,ГОСТ 4543-2016,,,1
10,13ХГН2МФД,,,20CrNiMo,,ГОСТ ТУ,,,1
11,13ХФА,,,15CrV,,ГОСТ 4543-2016,,,1
12,14Х2ГМР,,,30CrMnSiNi2A,,ГОСТ 4543-2016,17.00,Поковка,1
13,15Н2М,,,G46150,,ГОСТ 4543-2016,,,1
14,15Х2ГМФ,,,НЕТ,,ГОСТ 4543-2016,,,1
15,15Х2НМФА,,,НЕТ,,ГОСТ ТУ,,,1
16,15Х5,,,12CrMo44,,ГОСТ 20072-74,,,1
17,15Х5ВФ,,,12CrMo44,,ГОСТ 20072-74,,,1
18,15Х5М,,,10MoCr50,,ГОСТ 20072-74,,,1
19,15ХГН2ТА,,,X12CrNi18‑10,,ГОСТ 4543-2016,,,1
20,15ХСНД,,,Q345GNHL,,ГОСТ 19281-2014,,,1
21,18Х2Н2М,,,18CrNiMo7-6,,ГОСТ 4543-2016,13.50,Поковка,1
22,18Х2Н4ВА,,,20Cr2Ni4W,,ГОСТ 4543-2016,14.00,Поковка,1
23,18Х2Н4МА,,,18CrNiMo,,ГОСТ 4543-2016,17.00,Поковка,1
24,18Х3МФ,,,20Cr3MoWVA,,ГОСТ 20072-74,,,1
25,18ХН3МА,,,18CrNiMo7-6,,ГОСТ ТУ,12.00,Поковка,1
26,20Х1М1Ф1БР,,,12Cr1MoV,,ГОСТ 20072-74,,,1
27,20Х1М1Ф1ТР,,,15CrMoR,,ГОСТ 20072-74,,,1
28,20Х2М,,,20Cr2Mo,,ГОСТ 4543-2016 (у),11.00,Поковка,1
29,20Х2МА,,,30CrMo,,ГОСТ 2590-2006,,,1
30,20Х2Н4А,,,20Cr2Ni4,,ГОСТ 4543-2016,14.00,Поковка,1
31,20Х2Н4МФ,,,20Cr2Ni4A,,ГОСТ ТУ,,,1
32,20Х2Н4МФА,,,20Cr2Ni4A,,ГОСТ ТУ,,,1
33,20Х3МВФ,,,25Cr2MoV,,ГОСТ 20072-74,,,1
34,20ХГНМ,,,20CrNiMo,,ГОСТ 4543-2016,,,1
35,20ХГНР,,,20SiMn2MoV,,ГОСТ 4543-2016,14.00,Поковка,1
36,20ХГНТР,,,20NiCrMo2‑2,,ГОСТ 4543-2016,,,1
37,20ХГСА,,,20CrMnSi,,ГОСТ 4543-2016,,,1
38,20ХМ,,,20CrMo,,ГОСТ 4543-2016,,,1
39,20ХМФА,,,18CrMo4,,ГОСТ 4543-2016,,,1
40,20ХН,,,20CrNi,,ГОСТ 4543-2016,,,1
41,20ХН2А,,,17CrNiMo6,,ГОСТ 4543-2016,,,1
42,20ХН2М,,,20CrNi3Mo,,ГОСТ 4543-2016,14.00,Поковка,1
43,20ХН3А,,,20CrNi3,,ГОСТ 4543-2016,14.00,Поковка,1
44,20ХН4ФА,,,20CrNiMoV,,ГОСТ 4543-2016,17.00,Поковка,1
45,20ХНР,,,20CrNiMo,,ГОСТ 4543-2016,,,1
46,20ХФР,,,20CrMnTi,,ГОСТ 4543-2016,,,1
47,20ЮЧ,,,20Cr,,ГОСТ ТУ,,,1
48,24ХМ1Ф,,,12CrMoV,,ГОСТ 20072-74,,,1
49,25XГCA,,,25CrMnSiA,,ГОСТ 4543-2016,,,1
50,25Х1М1Ф,,,25CrMoVA,,ГОСТ 20072-74,,,1
51,25Х1М1ФА,,,25CrMoVA,,ГОСТ 20072-74 (у),,,1
52,25Х1МФ,,,25CrMoVA,,ГОСТ 20072-74,14.00,Поковка,1
53,25Х2М1Ф,,,25Cr2Mo1V,,ГОСТ 20072-74 (у),,,1
54,25Х2Н4МА,,,18Cr2Ni4W,,ГОСТ 4543-2016,,,1
55,25ХГМ,,,25CrMnMo,,ГОСТ 4543-2016,,,1
56,25ХГМА,,,20CrMnMo,,ГОСТ 4543-2016,,,1
57,25ХГНМТ,,,20CrNiMo,,ГОСТ 4543-2016,,,1
58,25ХГСА,,,30CrMnSi,,ГОСТ 4543-2016,,,1
59,25ХГТ,,,20CrMnTi,,ГОСТ 4543-2016,12.00,Поковка,1
60,26ХГ2МФ,,,30CrMnSiMoV,,ГОСТ 4543-2016,,,1
61,28Х2М,,,30CrMo,,ГОСТ 4543-2016,,,1
62,28ХГН3МА,,,30CrNi3Mo,,ГОСТ 4543-2016,,,1
63,30Х2ГМТ,,,30CrMnMoTi,,ГОСТ 4543-2016,,,1
64,30Х2Н2М,,,30Cr2Ni2Mo,,ГОСТ 4543-2016,13.00,Поковка,1
65,30Х2НМФА,,,30Cr2Ni2Mo,,ГОСТ 4543-2016,,,1
66,30Х3МФ,,,30CrMoV9,,ГОСТ 4543-2016,15.00,Поковка,1
67,30ХГВТ,,,30CrMnTi,,ГОСТ 4543-2016,,,1
68,30ХГС,,,30MnCrSi,,ГОСТ 4543-2016,9.50,Поковка,1
69,30ХГСА,,,30CrMnSiA,,ГОСТ 4543-2016,9.50,Поковка,1
70,30ХГСН2А,,,30CrMnSiNi2,,ГОСТ 4543-2016,,,1
71,30ХГТ,,,30CrMnTi,,ГОСТ 4543-2016,,,1
72,30ХМ,,,30CrMo,,ГОСТ 4543-2016,8.50,Поковка,1
73,30ХМА,,,30CrMo,,ГОСТ 4543-2016,8.50,Поковка,1
74,30ХМФ,,,30CrMoV9,,ГОСТ 4543-2016,8.50,Поковка,1
75,30ХН2МА,,,30CrNiMo,,ГОСТ 4543-2016,14.00,Поковка,1
76,30ХН2МФА,,,30Cr2Ni4MoV,,ГОСТ 4543-2016,,,1
77,30ХН3А,,,34CrNi2,,ГОСТ 4543-2016,15.00,Поковка,1
78,30ХНМ,,,30CrNiMo8,,ГОСТ 4543-2016,11.00,Поковка,1
79,30ХНМФА,,,30Cr2Ni2MoV,,ГОСТ 4543-2016,,,1
80,30ХРА,,,28Cr4,,ГОСТ 4543-2016,,,1
81,32ХГМА,,,35CrMo,,ГОСТ 4543-2016,,,1
82,34Х1НМ,,,34CrNiMo6,,ГОСТ 4543-2016,,,1
83,34Х2Н2М,,,34Cr2Ni2Mo,,ГОСТ 4543-2016,,,1
84,34ХМ,,,35CrMo,,ГОСТ 4543-2016,,,1
85,34ХН1М,,,34CrNiMo6,,ГОСТ 4543-2016,14.00,Поковка,1
86,34ХН1М2ФА,,,34Cr2Ni2MoV,,ГОСТ ТУ,,,1
87,34ХН1МА,,,34CrNiMo6,,ГОСТ 4543-2016,14.00,Поковка,1
88,34ХН3М,,,34CrNi3Mo,,ГОСТ 4543-2016,14.50,Прокат,1
89,34ХН3М,,,34CrNi3Mo,,ГОСТ 4543-2016,15.00,Поковка,1
90,34ХН3МА,,,34CrNi3Mo,,ГОСТ 4543-2016 (у),16.00,Поковка,1
91,35Х2М,,,35Cr2Mo,,ГОСТ 4543-2016,,,1
92,35ХГН,,,35CrNiMo,,ГОСТ 4543-2016,,,1
93,35ХГС,,,35CrMnSi,,ГОСТ 4543-2016,,,1
94,35ХГСА,,,35CrMnSi,,ГОСТ 4543-2016,9.50,Поковка,1
95,35ХМ,,,35CrMo,,ГОСТ 4543-2016,5.10,Лист,1
96,35ХМ,,,35CrMo,,ГОСТ 4543-2016,5.10,Прокат,1
97,35ХМ,,,35CrMo,,ГОСТ 4543-2016,7.00,Труба,1
98,35ХМ,,,35CrMo,,ГОСТ 4543-2016,8.50,Поковка,1
99,35ХМА,,,35CrMo,,ГОСТ 4543-2016,10.00,Поковка,1
100,35ХМФА,,,35CrMoV,,ГОСТ ТУ,10.00,Поковка,1
101,35ХН1М2ФА,,,35Cr2Ni2MoV,,ГОСТ ТУ,18.00,Поковка,1
102,35ХН2МА,,,35CrNiMo,,ГОСТ 4543-2016,,,1
103,35ХН2Ф,,,35CrNiMo,,ГОСТ ТУ,,,1
104,35ХНВ,,,35CrNiW,,ГОСТ 4543-2016,,,1
105,36Х2Н2МФА,,,40CrNiMoVA,,ГОСТ 4543-2016,,,1
106,38Х2МЮА,,,38CrMoАl,,ГОСТ 4543-2016,14.00,Поковка,1
107,38Х2Н2МА,,,45CrNiMo,,ГОСТ 4543-2016,16.00,Поковка,1
108,38Х2Н3М,,,40CrNiMoA,,ГОСТ 4543-2016,,,1
109,38Х2НМ,,,40CrNiMoA,,ГОСТ 4543-2016,14.00,Поковка,1
110,38Х2НМА,,,40CrNiMoA,,ГОСТ 4543-2016,,,1
111,38Х2Ю,,,38CrMoAl,,ГОСТ 4543-2016,,,1
112,38ХА,,,35Cr,,ГОСТ 4543-2016,8.00,Поковка,1
113,38ХГМ,,,35CrMnMo,,ГОСТ 4543-2016,8.00,Поковка,1
114,38ХГН,,,39NiCrMo3,,ГОСТ 4543-2016,8.00,Поковка,1
115,38ХМ,,,42CrMo4,,ГОСТ 4543-2016,9.50,Поковка,1
116,38ХМА,,,35CrMo,,ГОСТ 4543-2016,9.50,Поковка,1
117,38ХМЮА,,,38CrMoАl,,ГОСТ 4543-2016,10.00,Поковка,1
118,38ХН1М2ФА,,,34NiCrMoV14-5,,ГОСТ ТУ,18.00,Поковка,1
119,38ХН3МА,,,38CrNiMoA,,ГОСТ 4543-2016,,,1
120,38ХН3МФА,,,37CrNi3,,ГОСТ 4543-2016,18.00,Поковка,1
121,38ХНМ,,,42CrNiMo,,ГОСТ 4543-2016,11.50,Поковка,1
122,38ХНМА,,,40CrNiMoA,,ГОСТ 4543-2016,,,1
123,38ХС,,,37SiMn2MoV,,ГОСТ 4543-2016,10.50,Поковка,1
124,38ХФР,,,40CrV,,ГОСТ 4543-2016,18.00,Поковка,1
125,40Г1ТР,,,40MnTiB,,ГОСТ 4543-2016,,,1
126,40ГМФР,,,,,ГОСТ 4543-2016,,,1
127,40Х1МФА,,,40CrMoV,,ГОСТ 4543-2016,18.00,Поковка,1
128,40Х2Н2МА,,,40CrNi2MoA,,ГОСТ 4543-2016,14.00,Поковка,1
129,40Х2НМА,,,40CrNiMoA,,ГОСТ 4543-2016,,,1
130,40ХГМА,,,40CrMo,,ГОСТ 4543-2016,9.00,Поковка,1
131,40ХГНМ,,,40CrNiMoA,,ГОСТ 4543-2016,9.00,Поковка,1
132,40ХГТР,,,,,ГОСТ 4543-2016,,,1
133,40ХМФ,,,40CrMoV4‑7,,ГОСТ 4543-2016,,,1
134,40ХМФА,,,40CrMoV4‑6,,ГОСТ 4543-2016,11.00,Поковка,1
135,40ХН,,,40CrNi,,ГОСТ 4543-2016,10.00,Поковка,1
136,40ХН2МА,,,40CrNi2Mo,,ГОСТ 4543-2016,7.60,Прокат,1
137,40ХН2МА,,,40CrNi2Mo,,ГОСТ 4543-2016,9.20,Труба,1
138,40ХН2МА,,,40CrNi2Mo,,ГОСТ 4543-2016,13.50,Поковка,1
139,40ХНМА,,,40CrNiMoA,,ГОСТ 4543-2016,13.60,Поковка,1
140,40ХС,,,40Cr,,ГОСТ 4543-2016,,,1
141,40ХФА,,,40CrV,,ГОСТ 4543-2016,13.60,Поковка,1
142,40ХФР,,,40CrV,,ГОСТ 4543-2016,,,1
143,45Х3М1Ф,,,38CrMoV,,ГОСТ 4543-2016,,,1
144,45ХГМА,,,40CrMnMo,,ГОСТ 4543-2016,12.00,Поковка,1
145,45ХГСНМА,,,40CrNiMoA,,ГОСТ 4543-2016,,,1
146,45ХН,,,45CrNi,,ГОСТ 4543-2016,13.00,Поковка,1
147,45ХН2МФА,,,45CrNiMoVA,,ГОСТ 4543-2016,,,1
148,45ХН4МФА,,,40CrNiMoA,,ГОСТ 4543-2016,,,1
149,45ХНМФА,,,40CrNiMoA,,ГОСТ 4543-2016,,,1
150,47ГТ,,,40MnB,,ГОСТ 4543-2016,,,1
151,50ХГФА,,,,,ГОСТ 14959-2016,,,1
152,50ХМ,,,50CrMo,,ГОСТ 4543-2016,,,1
153,50ХН,,,50CrNi,,ГОСТ 4543-2016,,,1
154,50ХФА,,,50CrV,,ГОСТ 14959-2016,,,1
155,55С2А,,,55Si7,,ГОСТ 14959-2016,,,1
156,60С2А,,,60Si2Mn,,ГОСТ 14959-2016,,,1
157,60С2Г,,,60Si2Mn,,ГОСТ 14959-2016,,,1
158,60С2ГА,,,60Si2MnA,,ГОСТ 14959-2016,,,1
159,60С2ФА,,,60Si2Mn,,ГОСТ 14959-2016,,,1
160,65Х2С3МФ,,,60Si2Mn,,ГОСТ ТУ,,,1
161,75Г2ФЮ,,,ZGMn13,,ГОСТ ТУ,,,1
162,75ХГСМ,,,60Si2Mn,,ГОСТ ТУ,,,1
163,Magstrong H400,,,Hardox HiTuf,,ГОСТ ТУ,,,1
164,ZDI-0225,,,Дамасская,,ГОСТ ТУ,,,1
165,ШХ15СГ,,,GCr15SiMn,,ГОСТ 801-78,16.00,,1
166,ШХ20ГС,,,52100Mod.2,,ГОСТ 801-78,17.00,,1
 4. Высоколегированная,,,,,,,,,177
1,03Х13АГ19,,,0Cr13Mn19,,ГОСТ 5632-2014,,,1
2,03Х17Н14М3,,,022Cr17Ni12Mo2,,ГОСТ 5632-2014,,,1
3,03Х18Н10,,,0Cr18Ni10,,ГОСТ 5632-2014,,,1
4,03Х18Н10Т,,,0Cr18Ni10Ti ,,ГОСТ 5632-2014,,,1
5,03Х18Н11,,,00Cr19Ni10,,ГОСТ 5632-2014,,,1
6,03Х18Н12,,,00Cr19Ni10 ,,ГОСТ 5632-2014,,,1
7,03Х21Н21М4ГБ,,,10Cr17Ni13Mo2Si,,ГОСТ 5632-2014,,,1
8,03Х21Н32М3Б,,,0Cr21Ni32Mo3Cu,,ГОСТ 5632-2014,,,1
9,03Х21Н32М3БУ,,,AISI 316Ti,,ГОСТ 5632-2014,,,1
10,03Х22Н5АМ3,,,AISI 304,,ГОСТ 5632-2014,,,1
11,03Х22Н6М2,,,OCr22Ni6Mo2 ,,ГОСТ 5632-2014,,,1
12,03Х23Н6,,,03Cr23Ni6,,ГОСТ 5632-2014,,,1
13,03ХН28МДТ,,,OCr25Ni28Mo3CuTi,,ГОСТ 5632-2014,,,1
14,04Х18Н10,,,OCr18Ni9,,ГОСТ 5632-2014,,,1
15,05Х12Н2М,,,OCr12Ni2Mo,,ГОСТ 5632-2014,,,1
16,05Х16Н5АБ,,,OCr16Ni5Mo,,ГОСТ 5632-2014,,,1
17,05Х18Н10Т,,,OCr18Ni10Ti,,ГОСТ 5632-2014,,,1
18,05ХН32Т,,,OCr25Ni32MoTi,,ГОСТ 5632-2014,,,1
19,06Х18Н11,,,0Cr18Ni11,,ГОСТ 5632-2014,,,1
20,06ХН28МДТ,,,0Cr25Ni28Mo3D,,ГОСТ 5632-2014,25.00,Поковка,1
21,06ХН28МТ,,,0Cr25Ni28Mo3,,ГОСТ 5632-2014,,,1
22,07Х12НМФБ,,,OCr12NiMoVB,,ГОСТ 5632-2014,,,1
23,07Х15Н30В5М2,,,OCr15Ni30W5Mo2,,ГОСТ 5632-2014,,,1
24,07Х16Н4Б,,,OCr16Ni4B,,ГОСТ 5632-2014,,,1
25,07Х16Н6,,,1Cr16Ni6,,ГОСТ 5632-2014,,,1
26,07Х21Г7АН5,,,0Cr21Ni7Mn5,,ГОСТ 5632-2014,,,1
27,08Cr20Ni14,,,X15CrNiSi20-12,,ГОСТ 5632-2014,25.00,Поковка,1
28,08Х10Н20Т2,,,009Cr10Ni20Ti2,,ГОСТ 5632-2014,,,1
29,08Х13,,,1Cr13,,ГОСТ 5632-2014,,,1
30,08Х15Н24В4ТР,,,0Cr15Ni24W4TR,,ГОСТ 5632-2014,,,1
31,08Х16Н11М3,,,0Cr16Ni11Mo3,,ГОСТ 5632-2014,,,1
32,08Х16Н13М2Б,,,0Cr16Ni13Mo2B,,ГОСТ 5632-2014,,,1
33,08Х17Н13М2Т,,,0Cr17Ni13Mo2Ti,,ГОСТ 5632-2014,,,1
34,08Х17Н15М3Т,,,0Cr17Ni15Mo3Ti,,ГОСТ 5632-2014,,,1
35,08Х17Н5М3,,,0Cr17Ni5Mo3,,ГОСТ 5632-2014,,,1
36,08Х17Н6Т,,,0Cr17Ni6Ti,,ГОСТ 5632-2014,,,1
37,08Х17Т,,,0Cr17Ti,,ГОСТ 5632-2014,,,1
38,08Х18Г8Н2Т,,,0Cr18Ni2Ti,,ГОСТ 5632-2014,,,1
39,08Х18Н10,,,0Cr18Ni9,,ГОСТ 5632-2014,,,1
40,08Х18Н10Т,,,0Cr18Ni10Ti,,ГОСТ 5632-2014,,,1
41,08Х18Н12Б,,,0Cr18Ni12B,,ГОСТ 5632-2014,,,1
42,08Х18Н12Т,,,0Cr18Ni12Ti,,ГОСТ 5632-2014,,,1
43,08Х18Н9,,,AISI 304,,ГОСТ 5632-2014,,,1
44,08Х18Т1,,,0Cr18Ti1,,ГОСТ 5632-2014,,,1
45,08Х18Тч,,,0Cr18Ti ,,ГОСТ 5632-2014,16.00,Поковка,1
46,08Х20Н14С2,,,1Cr20Ni14Si2 ,,ГОСТ 5632-2014,,,1
47,08Х21Н6М2Т,,,0Cr21Ni6Mo2Ti,,ГОСТ 5632-2014,,,1
48,08Х22Н6Т,,,1Cr22Ni6Ti,,ГОСТ 5632-2014,,,1
49,08ХН35ВТЮ,,,1Cr35Ni35WTY,,ГОСТ 5632-2014,,,1
50,09Х14Н19В2БР,,,00Cr25Ni13Mo3Cu3,,ГОСТ 5632-2014,,,1
51,09Х14Н19В2БР1,,,GH2036,,ГОСТ 5632-2014,,,1
52,09Х15Н8Ю1,,,0Cr15Ni8Al1,,ГОСТ 5632-2014,,,1
53,09Х16Н15М3Б,,,1Cr16Ni15Mo3Nb,,ГОСТ 5632-2014,,,1
54,09Х16Н4Б,,,1Cr16Ni4Nb,,ГОСТ 5632-2014,,,1
55,09Х17Н7Ю,,,0Cr17Ni7Al,,ГОСТ 5632-2014,,,1
56,09Х17Н7Ю1,,,1Cr17Ni7,,ГОСТ 5632-2014,,,1
57,09Х18Н9,,,1Cr18Ni9,,ГОСТ 5632-2014,,,1
58,10Х11Н20Т2Р,,,1Cr11Ni20Ti2Nb,,ГОСТ 5632-2014,,,1
59,10Х11Н20Т3Р,,,1Cr11Ni20Ti3Nb,,ГОСТ 5632-2014,,,1
60,10Х11Н23Т3МР,,,,,ГОСТ 5632-2014,,,1
61,10Х13СЮ,,,1Cr13Si,,ГОСТ 5632-2014,,,1
62,10Х14АГ15,,,,,ГОСТ 5632-2014,,,1
63,10Х14Г14Н4Т,,,,,ГОСТ 5632-2014,,,1
64,10Х17Н13М2Т,,,,,ГОСТ 5632-2014,,,1
65,10Х17Н13М3Т,,,,,ГОСТ 5632-2014,,,1
66,10Х18Н9,,,,,ГОСТ 5632-2014,,,1
67,10Х23Н18,,,X10CrNiSiN21-11,,ГОСТ 5632-2014,,,1
68,10ХН28ВМАБ,,,,,ГОСТ 5632-2014,,,1
69,10ХН45Ю,,,,,ГОСТ 5632-2014,,,1
70,11Х11Н2В2МФ,,,,,ГОСТ 5632-2014,,,1
71,12Х13,,,1Cr13,,ГОСТ 5632-2014,,,1
72,12Х17,,,1Cr17,,ГОСТ 5632-2014,,,1
73,12Х17Г9АН4,,,,,ГОСТ 5632-2014,,,1
74,12Х18Н10,,,1Cr18Ni10,,ГОСТ 5949-2018,,,1
75,12Х18Н10Е,,,1Cr18Ni10Nb,,ГОСТ 5632-2014,,,1
76,12Х18Н10Т,,,1Cr18Ni9Ti,,ГОСТ 5632-2014,25.00,Поковка,1
77,12Х18Н10Т-М2б,,,,,ГОСТ 7350-77,,,1
78,12Х18Н12Т,,,1Cr18Ni12Ti,,ГОСТ 5632-2014,,,1
79,12Х18Н9,,,1Cr18Ni9,,ГОСТ 5632-2014,,,1
80,12Х18Н9Т,,,1Cr18Ni9Ti,,ГОСТ 5632-2014,,,1
81,12Х21Н5Т,,,1Cr21Ni5Ti,,ГОСТ 5632-2014,,,1
82,12Х25Н16Г7АР,,,,,ГОСТ 5632-2014,,,1
83,12ХН35ВТ,,,,,ГОСТ 5632-2014,,,1
84,12ХН38ВТ,,,,,ГОСТ 5632-2014,,,1
85,13Х11Н2В2МФ,,,,,ГОСТ 5632-2014,,,1
86,13Х11Н2В2Мф-ш,,,,,ГОСТ 5632-2014,,,1
87,13Х14Н3В2ФР,,,,,ГОСТ 5632-2014,,,1
88,14Х17Н2,,,,,ГОСТ 5632-2014,,,1
89,15Х11МФ,,,1Cr11MoV,,ГОСТ 5632-2014,,,1
90,15Х12ВНМФ,,,,,ГОСТ 5632-2014,,,1
91,15Х18Н12С4ТЮ,,,,,ГОСТ 5632-2014,,,1
92,15Х18СЮ,,,1Cr18Si4,,ГОСТ 5632-2014,,,1
93,15Х25Т,,,,,ГОСТ 5632-2014,,,1
94,15Х28,,,1Cr28,,ГОСТ 5632-2014,,,1
95,16Х11Н2В2МФ,,,,,ГОСТ 5632-2014,,,1
96,17Х18Н9,,,,,ГОСТ 5632-2014,,,1
97,18Х11МНФБ,,,,,ГОСТ 5632-2014,,,1
98,18Х12ВМБФР,,,,,ГОСТ 5632-2014,,,1
99,20Х12ВНМФ,,,,,ГОСТ 5632-2014,,,1
100,20Х13,,,2Cr13,,ГОСТ 5632-2014,17.00,Поковка,1
101,20Х13Н4Г9,,,,,ГОСТ 5632-2014,,,1
102,20Х17Н2,,,,,ГОСТ 5632-2014,,,1
103,20Х20Н14С2,,,,,ГОСТ 5632-2014,,,1
104,20Х23Н13,,,ЭИ-319,,ГОСТ 5632-2014,,,1
105,20Х23Н18,,,1Cr25Ni20Si2,,ГОСТ 5632-2014,25.00,Поковка,1
106,20Х25Н20С2,,,,,ГОСТ 5632-2014,,,1
107,30Х13,,,3Cr13,,ГОСТ 5632-2014,17.00,Поковка,1
108,30Х13Н7С2,,,3Cr13Ni7Si2,,ГОСТ 5632-2014,,,1
109,31Х19Н9МВБТ,,,,,ГОСТ 5632-2014,,,1
110,36Х18Н25С2,,,,,ГОСТ 5632-2014,,,1
111,37Х12Н8Г8МФБ,,,,,ГОСТ 5632-2014,,,1
112,40Х10С2М,,,,,ГОСТ 5632-2014,,,1
113,40Х13,,,4Cr13,,ГОСТ 5632-2014,,,1
114,40Х15Н7Г7Ф2МС,,,,,ГОСТ 5632-2014,,,1
115,40Х27Н36С2Б,,,,,ГОСТ1333-006-76886,,,1
116,40Х9С2,,,4Cr9Si2,,ГОСТ 5632-2014,,,1
117,45Х14Н14В2М (ЭИ 69),,,,,ГОСТ 5632-2014,25.00,Поковка,1
118,45Х22Н4М3,,,,,ГОСТ 5632-2014,,,1
119,45Х25Н20С,,,ТУ1333-047-00220302-02,,ГОСТ1333-047-0022030,,,1
120,45Х28Н49В5С,,,,,ГОСТ1333-047-0022030,,,1
121,55Х20Г9АН4,,,5Cr20Ni9Mn4,,ГОСТ 5632-2014,,,1
122,55Х20Г9ФН4,,,,,ГОСТ 5632-2014,,,1
123,65Х13,,,8Gr5MoV,,ГОСТ 5632-2014,,,1
124,80ХН28В,,,по химсоставу,,ГОСТ ТУ,,,1
125,95Х18,,,X 102 CrMo17,,ГОСТ 5632-2014,,,1
126,X150CrMo12,,,1.2379,,ГОСТ 5632-72,,,1
127,А25Х13Н2П,,,,,ГОСТ 5632-2014,7.00,Поковка,1
128,Б10,,,,,ГОСТ 8733-74,,,1
129,ВК15,,,,,ГОСТ 3882–74,,,1
130,Н70МФВ,,,,,ГОСТ 5632-2014,,,1
131,Х18Н10Т,,,0Cr18Ni10Ti,,ГОСТ 5949-75,,,1
132,Х18Н9Т,,,0Cr18Ni9Ti,,ГОСТ 5632-2014,25.00,,1
133,Х20Н14С2,,,,,ГОСТ 5949-75,,,1
134,Х23Н13,,,1Cr23Ni13,,ГОСТ 5632-2014,,,1
135,Х25Н20С2,,,,,ГОСТ 5632-2014,,,1
136,ХН32Т,,,"Х20Н32Т, ЭП670",,ГОСТ 5632-2014,,,1
137,ХН33КВЮ,,,,,ГОСТ 5632-2014,,,1
138,ХН38ВТ,,,,,ГОСТ 5632-2014,,,1
139,ХН45МВТЮБР,,,,,ГОСТ 5632-2014,,,1
140,ХН45Ю,,,,,ГОСТ 5632-2014,,,1
141,ХН54К15МБЮВТ,,,,,ГОСТ 5632-2014,,,1
142,ХН55ВМТКЮ,,,,,ГОСТ 5632-2014,,,1
143,ХН55К15МБЮВТ,,,,,ГОСТ 5632-2014,,,1
144,ХН55МВЦ,,,,,ГОСТ 5632-2014,,,1
145,ХН55МВЦУ,,,,,ГОСТ 5632-2014,,,1
146,ХН55МВЮ,,,,,ГОСТ 5632-2014,,,1
147,ХН56ВМКЮ,,,,,ГОСТ 5632-2014,,,1
148,ХН56ВМТЮ,,,,,ГОСТ 5632-2014,,,1
149,ХН56К16МБВЮТ,,,,,ГОСТ 5632-2014,,,1
150,ХН56КМЮБВТ,,,,,ГОСТ 5632-2014,,,1
151,ХН57МТВЮ,,,,,ГОСТ 5632-2014,,,1
152,ХН58В,,,,,ГОСТ 5632-2014,,,1
153,ХН58МБЮ,,,,,ГОСТ 5632-2014,,,1
154,ХН59КВЮМБТ,,,,,ГОСТ 5632-2014,,,1
155,ХН60ВТ,,,,,ГОСТ 5632-2014,,,1
156,ХН60Ю,,,,,ГОСТ 5632-2014,,,1
157,ХН62БМКТЮ,,,,,ГОСТ 5632-2014,,,1
158,ХН62ВМЮТ,,,,,ГОСТ 5632-2014,,,1
159,ХН62МКЮ,,,,,ГОСТ 5632-2014,,,1
160,ХН65ВМТЮ,,,,,ГОСТ 5632-2014,,,1
161,ХН65МВ,,,0Х15Н65М16В ЭП567,,ГОСТ 5632-2014,,,1
162,ХН65МВУ,,,,,ГОСТ 5632-2014,,,1
163,ХН67МВТЮ,,,,,ГОСТ 5632-2014,,,1
164,ХН68ВМТЮК,,,,,ГОСТ 5632-2014,,,1
165,ХН69МБЮТВР,,,,,ГОСТ 5632-2014,,,1
166,ХН70ВМТЮ,,,,,ГОСТ 5632-2014,,,1
167,ХН70ВМТЮФ,,,,,ГОСТ 5632-2014,,,1
168,ХН70ВМЮТ,,,ЭИ765,,ГОСТ 5632-2014,,,1
169,ХН70МВТЮБ,,,,,ГОСТ 5632-2014,,,1
170,ХН70Ю,,,,,ГОСТ 5632-2014,,,1
171,ХН73МБТЮ,,,,,ГОСТ 5632-2014,,,1
172,ХН75ВМЮ,,,,,ГОСТ 5632-2014,,,1
173,ХН75МБТЮ,,,,,ГОСТ 5632-2014,,,1
174,ХН77ТЮР,,,,,ГОСТ 5632-2014,,,1
175,ХН77ТЮРУ,,,,,ГОСТ 5632-2014,,,1
176,ХН78Т,,,,,ГОСТ 5632-2014,,,1
177,ХН80ТБЮ,,,,,ГОСТ 5632-2014,,,1
 5. Инструментальная,,,,,,,,,53
1,11ХФ,,,,,ГОСТ 5950-2000,,,1
2,13Х,,,,,ГОСТ 5950-2000,,,1
3,150ХНМ,,,AD160I Валковая,,ГОСТ ТУ,17.00,Поковка,1
4,150ХНМЛ,,,AD160I ,,ГОСТ ТУ,,,1
5,18ХВГ,,,CrWMn,,ГОСТ 5950-2000,,,1
6,27Х2Н2М1Ф,,,,,ГОСТ ТУ,,,1
7,3Х2В8Ф,,,3Cr2W8V,,ГОСТ 5950-2000,17.00,Поковка,1
8,3Х3М3Ф,,,,,ГОСТ 5950-2000,,,1
9,40Х5МФС,,,4Cr5MoSiV,,ГОСТ 5950-2000,,,1
10,45ХНМ,,,45CrNiMo,,ГОСТ 24.013.04-0,11.00,Поковка,1
11,4Х5МФ1С,,,45Cr5MoSiV1,,ГОСТ 5950-2000,15.00,Поковка,1
12,4Х5МФ1СА,,,45Cr5MoSiV1,,ГОСТ 5950-2000,,,1
13,4Х5МФС,,,4Cr5MoSiV,,ГОСТ 5950-2000,14.50,Поковка,1
14,55Х,,,55Cr,,ГОСТ 3541-79,7.00,Поковка,1
15,5ХВ2С,,,,,ГОСТ 5950-2000,,,1
16,5ХГМ,,,,,ГОСТ 5950-2000,,,1
17,5ХНВ,,,,,ГОСТ 5950-2000,,,1
18,5ХНВС,,,,,ГОСТ 5950-2000,,,1
19,5ХНМ,,,5CrNiMo,,ГОСТ 5950-2000,13.60,Поковка,1
20,5ХНМ2,,,5CrNiMo2,,ГОСТ ТУ,,,1
21,60ХГ,,,60CrMnMo,,ГОСТ24.013.21–85,9.00,Поковка,1
22,60ХН,,,60CrNi,,ГОСТ 24.013.04-0,10.00,Поковка,1
23,60ХСМФ,,,НЕТ,,ГОСТ24.013.20–85,,,1
24,6Х6В3МФС,,,,,ГОСТ 5950-2000,,,1
25,6ХВ2С,,,8Gr2MoV,,ГОСТ 5950-2000,,,1
26,75Х3МФА,,,,,ГОСТ 5950-2000,,,1
27,75ХМ,,,75CrMo,,ГОСТ 3541-79,,,1
28,75ХМФ,,,75CrMoV,,ГОСТ 24.013.04-0,,,1
29,75ХМФА,,,75CrMoV,,ГОСТ 24.013.04-0,,,1
30,8ХФ,,,,,ГОСТ 5950-2000,,,1
31,90ХФ,,,9Cr2,,ГОСТ 3541-79,,,1
32,9Х,,,9Cr,,ГОСТ 5950-2000,16.00,Поковка,1
33,9Х1,,,9Cr1,,ГОСТ 5950-2000,16.00,Поковка,1
34,9Х1Ф,,,9Cr1V,,ГОСТ 5950-2000,16.00,Поковка,1
35,9Х2,,,9Cr2,,ГОСТ 5950-2000,16.00,Поковка,1
36,9Х2М,,,9Cr2Mo,,ГОСТ 5950-2000,16.00,Поковка,1
37,9Х2МФ,,,9Cr2MoV,,ГОСТ 3541-79,16.00,Поковка,1
38,9Х2МФ,,,9Cr2MoV,,ГОСТ 5950-2000,,,1
39,9Х2МФА,,,9Cr2MoV,,ГОСТ 3541-79,,,1
40,9ХВГ,,,9CrWMn,,ГОСТ 5950-2000,,,1
41,9ХС,,,8Gr2MoV,,ГОСТ 5950-2000,16.00,Поковка,1
42,9ХФ,,,,,ГОСТ 5950-2000,,,1
43,У8,,,,,ГОСТ 1435‑1999,,,1
44,У8А,,,,,ГОСТ 1435‑1999,,,1
45,Х12,,,Cr12,,ГОСТ 5950-2000,,,1
46,Х12М,,,Cr12MoV,,ГОСТ 5950-2000,,,1
47,Х12МФ,,,Cr12MoV,,ГОСТ 5950-2000,16.00,Поковка,1
48,Х12МФ1,,,Cr12Mo1V1,,ГОСТ 5950-2000,,,1
49,Х12Ф1,,,,,ГОСТ 5950-2000,,,1
50,ХВГ,,,CrWMn,,ГОСТ 5950-2000,,,1
51,ХГС,,,,,ГОСТ 5950-2000,,,1
52,ШХ15,,,GCr15,,ГОСТ 801-2022,16.00,,1
53,ШХ9,,,Cr2,,ГОСТ 801-2022,,,1
 6. Литейная,,,,,,,,,124
1,07Х18Н9Л,,,CF8,,ГОСТ 977-88,,,1
2,09Х17Н3СЛ,,,,,ГОСТ 977-88,,,1
3,100Г13Х2Л,,,,,ГОСТ 977-88,,,1
4,10Х18Н9ТЛ,,,,,ГОСТ 977-88,,,1
5,110Г13Л,,,ZGMn13-1-4,,ГОСТ 977-88,7.50,Литье,1
6,110Г13ФТЛ,,,,,ГОСТ 977-88,,,1
7,110Г13Х2БРЛ,,,,,ГОСТ 977-88,,,1
8,110Г13Х2Л,,,,,ГОСТ 977-88,,,1
9,110Г13ХМЛ,,,,,ГОСТ 977-88,,,1
10,125Г18Х2МНЛ,,,,,ГОСТ 977-88,,,1
11,125Г18Х2Н2МЛ,,,,,ГОСТ 977-88,,,1
12,12Х18Н12М3ТЛ,,,,,ГОСТ 977-88,,,1
13,12Х18Н9ТЛ,,,,,ГОСТ 977-88,,,1
14,130Г13Х2ТЛ,,,,,ГОСТ 977-88,,,1
15,145Х15НЛ,,,,,ГОСТ 977-88,,,1
16,14Х2ГМРЛ,,,,,ГОСТ 977-88,12.00,Литье,1
17,14ХГ2НМЛ,,,,,ГОСТ 977-88,,,1
18,14ХГНМЛ,,,,,ГОСТ 977-88,,,1
19,15Л,,,"1.0420, GS-38",,ГОСТ 977-88,,,1
20,15Х13Л,,,,,ГОСТ 977-88,,,1
21,15Х25Н20С2Л,,,,,ГОСТ 977-88,,,1
22,15Х25ТЛ,,,,,ГОСТ 977-88,20.00,Литье,1
23,15ХМЛ,,,,,ГОСТ 977-88,,,1
24,170ХНМ,,,,,ГОСТ 977-88,,,1
25,185Х31Н5Л,,,,,ГОСТ 977-88,,,1
26,20Г1ФЛ,,,J13002,,ГОСТ 977-88,,,1
27,20Г1ФЛ,,,J13002,,ГОСТ 977-88,,,1
28,20ГЛ,,,,,ГОСТ 977-88,,,1
29,20ГСЛ,,,,,ГОСТ 977-88,,,1
30,20Л,,,,,ГОСТ 977-88,8.50,Литье,1
31,20Х20Н14С2Л,,,,,ГОСТ 977-88,,,1
32,20Х23Н18СЛ,,,,,ГОСТ 977-88,,,1
33,20Х25Н19С2,,,,,ГОСТ 977-88,,,1
34,20Х25Н19С2Л,,,GX40CrNiSi25-20,,ГОСТ 977-88,56.00,Литье,1
35,20Х25Н19СЛ,,,,,ГОСТ 977-88,,,1
36,20Х25Н20С2Л,,,2Cr25Ni20,,ГОСТ 977-88,,,1
37,20Х27НСЛ,,,,,ГОСТ 977-88,,,1
38,20Х5МЛ,,,,,ГОСТ 977-88,,,1
39,20ХГСЛ,,,,,ГОСТ 977-88,,,1
40,20ХМЛ,,,,,ГОСТ 977-88,,,1
41,23ГНМФЛ,,,,,ГОСТ 977-88,,,1
42,23ХГС2МФЛ,,,,,ГОСТ 977-88,,,1
43,25ГСЛ,,,,,ГОСТ 977-88,,,1
44,25Л,,,GS45,,ГОСТ 977-88,8.50,Литье,1
45,25Х23Н7СЛ,,,,,ГОСТ 977-88,,,1
46,25ХМЛ,,,ZG25CrMo,,ГОСТ 977-88,,,1
47,25ХНМЛ,,,ZG25CrNiMo,,ГОСТ 977-88,,,1
48,27ГЛ,,,,,ГОСТ 977-88,,,1
49,30ГЛ,,,,,ГОСТ 977-88,,,1
50,30ГСЛ,,,,,ГОСТ 977-88,,,1
51,30Л,,,ZG270-500,,ГОСТ 977-88,8.50,Литье,1
52,30ФЛ,,,,,ГОСТ 977-88,,,1
53,30Х06Л,,,,,ГОСТ 977-88,,,1
54,30Х24Н12СЛ,,,,,ГОСТ 977-88,,,1
55,30Х25Н19С2Л,,,,,ГОСТ 977-88,,,1
56,30Х25Н5Л,,,,,ГОСТ 977-88,,,1
57,30ХГСЛ,,,,,ГОСТ 977-88,,,1
58,30ХМЛ,,,ZG35CrMo,,ГОСТ 977-88,,,1
59,30ХНМЛ,,,ZG28CrNiMo,,ГОСТ 977-88,,,1
60,35 ГЛ,,,36Mn5,,ГОСТ 977-88,8.50,Литье,1
61,35ГЛ,,,,,ГОСТ 977-88,,,1
62,35Л,,,ZG270-500,,ГОСТ 977-88,8.50,Литье,1
63,35Л,,,,,ГОСТ 977-88,,,1
64,35Л-II,,,ZG290-510,,ГОСТ 977-88,8.50,Литье,1
65,35МЛ,,,,,ГОСТ 977-88 ,,,1
66,35ФЛ,,,,,ГОСТ 977-88,,,1
67,35Х18Н24С2Л,,,,,ГОСТ 977-88,,,1
68,35Х23Н19СЛ,,,,,ГОСТ 977-88,,,1
69,35Х23Н7СЛ,,,,,ГОСТ 977-88,,,1
70,35ХГСЛ,,,ZG35SiMn,,ГОСТ 977-88,,,1
71,35ХМЛ,,,ZG35CrMo,,ГОСТ 977-88,10.00,Поковка,1
72,35ХМФЛ,,,,,ГОСТ 977-88,,,1
73,35ХН2МЛ,,,,,ГОСТ ТУ,,,1
74,35ХНЛ,,,,,ГОСТ 977-88,,,1
75,38ХЛ,,,,,ГОСТ 977-88,,,1
76,40ГЛ,,,,,ГОСТ 977-88,,,1
77,40Л,,,ZG270-500,,ГОСТ 977-88,8.50,Литье,1
78,40Х24Н12СЛ,,, ZG35Cr26Ni12,,ГОСТ 977-88,48.00,Литье,1
79,40Х24Н19С2Л,,,,,ГОСТ 977-88,,,1
80,40Х27Н4СЛ,,,,,ГОСТ 977-88,,,1
81,40Х9С2Л,,,,,ГОСТ 977-88,,,1
82,40ХЛ,,,,,ГОСТ 977-88,10.00,Литье,1
83,40ХМЛ,,,,,ГОСТ 977-88,,,1
84,40ХНМЛ,,,,,ГОСТ 977-88,,,1
85,40ХФЛ,,,,,ГОСТ 977-88,,,1
86,42ХНМФЛ,,,,,ГОСТ 977-88,,,1
87,45ГЛ,,,,,ГОСТ 977-88,,,1
88,45Л,,,ZGD410-620,,ГОСТ 977-88,8.50,Литье,1
89,45Л-II,,,,,ГОСТ 977-88,8.50,Литье,1
90,45ФЛ,,,,,ГОСТ 977-88,,,1
91,45ФЛ (35ХМЛ),,,,,ГОСТ 977-88,,,1
92,45ФЛ-2,,,,,ГОСТ 977-88,,,1
93,45Х13Л,,,,,ГОСТ 977-88,,,1
94,45Х17Н2СЛ,,,,,ГОСТ 977-88,,,1
95,45Х25Н20С2Л,,,,,ГОСТ 977-88,,,1
96,45Х25Н35 БСЛ,,,,,ГОСТ 977-88,,,1
97,45Х28Н49В5Л,,,,,ГОСТ 977-88,,,1
98,45ХГСФЛ,,,,,ГОСТ 977-88,,,1
99,50Л,,,50ZG,,ГОСТ 977-88,8.50,Литье,1
100,50Х25Н35БСЛ,,,,,ГОСТ 977-88,,,1
101,55Л,,,,,ГОСТ 977-88,8.50,Литье,1
102,55СЛ,,,,,ГОСТ 977-88,,,1
103,60Х2МЛ,,,,,ГОСТ 977-88,,,1
104,60ХГЛ,,,,,ГОСТ 977-88,,,1
105,65Л-2,,,,,ГОСТ,,,1
106,70 ХЛ,,,,,ГОСТ 977-88,,,1
107,70Л,,,,,ГОСТ 977-88,,,1
108,70Л,,,,,ГОСТ 977-88,,,1
109,70ХЛ,,,,,ГОСТ 977-88,,,1
110,75Г2ФЮЛ,,,,,ГОСТ 977-88,,,1
111,75Х24ТЛ,,,,,ГОСТ 977-88,,,1
112,80ГСЛ,,,,,ГОСТ 977-88,,,1
113,Г13Л,,,,,ГОСТ 977-88,,,1
114,Г13ФЛ,,,,,ГОСТ 977-88,,,1
115,Г13Х2Л,,,,,ГОСТ 977-88,,,1
116,Г13Х8Л,,,,,ГОСТ 977-88,,,1
117,Х14Н15С4Л,,,нужно разобраться,,ГОСТ 977-88,,,1
118,Х18Н25С2Л,,,,,ГОСТ 977-88,,,1
119,Х23МД,,,,,ГОСТ 977-88,,,1
120,Х24Н25БЛ,,,,,ГОСТ ТУ,,,1
121,Х25Н19С2Л,,,,,ГОСТ 977-88,,,1
122,Х28Н48В5Л,,,,,ГОСТ 977-88,,,1
123,Х28Н48ВЛ,,,,,ГОСТ 977-88,,,1
124,Х6С2МЛ,,,окалиностойкая,,ГОСТ 977-88,,,1
 7. Чугун,,,,,,,,,108
1,250Х25Т,,,,,ГОСТ ТУ,,,1
2,300Х13Г3С2М,,,,,ГОСТ ТУ,,,1
3,320Х20Н,,,,,ГОСТ ТУ,,,1
4,340ХС2,,,,,ГОСТ,,,1
5,АСЧ,,,,,ГОСТ 1585-85,,,1
6,АЧВ-1,,,,,ГОСТ 1585-85,,,1
7,АЧС-1,,,,,ГОСТ 1585-85,,,1
8,АЧС-2,,,,,ГОСТ 1585-85,,,1
9,ВЧ100,,,,,ГОСТ 7293-85,,,1
10,ВЧ35,,,,,ГОСТ 7293-85,,,1
11,ВЧ40,,,QT400-15,,ГОСТ 7293-85,10.00,,1
12,ВЧ45,,,QT450-10,,ГОСТ 7293-85,,,1
13,ВЧ50,,,QT500-7,,ГОСТ 7293-85,10.00,,1
14,ВЧ60,,,QT600-3,,ГОСТ 7293-85,10.00,,1
15,ВЧ70,,,QT700-2,,ГОСТ 7293-85,10.00,,1
16,ВЧШГ,,,,,ГОСТ,,,1
17,ЖЧХ,,,,,ГОСТ,,,1
18,ЖЧХН,,,,,ГОСТ,,,1
19,ЖЧЮ7Х2,,,жаропрочный,,ГОСТ,,,1
20,ИЧ300Х18Г3 ,,,,,ГОСТ ТУ,,,1
21,ИЧХ,,,,,ГОСТ,,,1
22,ИЧХ16МЛ,,,CC II,,ГОСТ 7769-82,,,1
23,ИЧХ17,,,,,ГОСТ 7769-82,,,1
24,ИЧХ26,,,,,ГОСТ 7769-82,,,1
25,ИЧХ28,,,,,ГОСТ 7769-82,,,1
26,ИЧХ28Н2,,,KmTBCr26,,ГОСТ 7769-82,,,1
27,Лиг.чугун,,,,,ГОСТ,,,1
28,ЛПХНД-63,,,SGP III,,ГОСТ ТУ СТО,,,1
29,ЛПХНд-65,,,,,ГОСТ ТУ СТО,,,1
30,ЛПХНд-70,,,,,ГОСТ ТУ СТО,,,1
31,ЛПХНд-71,,,CC IV,,ГОСТ ТУ СТО ,,,1
32,ЛПХНМд-73,,,CC IV,,ГОСТ ТУ СТО ,,,1
33,ЛПХНМДа-58,,,,,ГОСТ ТУ СТО,,,1
34,ЛШН45,,,SGP I,,ГОСТ ТУ СТО,8.00,,1
35,ЛШН51,,,SGP I,,ГОСТ ТУ СТО,,,1
36,Спец.чугун,,,,,ГОСТ,,,1
37,СПХН-45,,,CC I,,ГОСТ ТУ СТО,,,1
38,СПХН-47,,,CC II,,ГОСТ ТУ СТО,,,1
39,СПХН-50,,,CC II,,ГОСТ ТУ СТО,8.00,,1
40,СПХН-55,,,CC II,,ГОСТ ТУ СТО,,,1
41,СПХН-60,,,CC III,,ГОСТ ТУ СТО,8.00,,1
42,СПХН-65,,,CC III,,ГОСТ ТУ СТО,,,1
43,СПХНМ-50,,,SG IV,,ГОСТ ТУ СТО,,,1
44,СЧ10,,,,,ГОСТ 1412-85,,,1
45,СЧ12,,,,,ГОСТ 1412-70,,,1
46,СЧ12-22,,,,,ГОСТ 1412-70,,,1
47,СЧ12-28,,,,,ГОСТ 1412-70,,,1
48,СЧ15,,,HT150,,ГОСТ 1412-85,7.00,,1
49,СЧ15-32,,,HT200,,ГОСТ 1412-70,7.00,,1
50,СЧ18,,,HT200,,ГОСТ 1412-70,,,1
51,СЧ18-35,,,,,ГОСТ 1412-70,,,1
52,СЧ18-36,,,HT200,,ГОСТ 1412-70,7.00,,1
53,СЧ20,,,,,ГОСТ 1412-85,,,1
54,СЧ20-40,,,HT200,,ГОСТ 1412-70,7.00,,1
55,СЧ21,,,,,ГОСТ 1412-85,,,1
56,СЧ21-40,,,HT250,,ГОСТ 1412-70,7.00,,1
57,СЧ21-60,,,HT250,,ГОСТ 1412-70,,,1
58,СЧ24-44,,,,,ГОСТ 1412-70,,,1
59,СЧ25,,,HT250,,ГОСТ 1412-85,7.00,,1
60,СЧ28,,,,,ГОСТ 1412-85,,,1
61,СЧ28-48,,,HT300,,ГОСТ 1412-70,7.00,,1
62,СЧ30,,,HT300,,ГОСТ 1412-85,7.00,,1
63,СЧ32,,,,,ГОСТ 1412-85,,,1
64,СЧ32-52,,,HT300,,ГОСТ 1412-70,7.00,,1
65,СЧ34,,,,,ГОСТ 1412-85,,,1
66,СЧ340ХС2,,,,,ГОСТ,,,1
67,СЧ35,,,HT350,,ГОСТ 1412-85,7.00,,1
68,СЧ36-56,,,,,ГОСТ 1412-70,,,1
69,СШН-39,,,SGP II,,ГОСТ ТУ СТО,,,1
70,СШХ2НМ-55,,,,,ГОСТ ТУ СТО,,,1
71,СШХ2НМ-60,,,SGA I,,ГОСТ ТУ СТО,,,1
72,СШХМД-55,,,,,ГОСТ ТУ СТО,,,1
73,СШХН-45,,,SG V,,ГОСТ ТУ СТО,8.00,,1
74,СШХН-50,,,SG V,,ГОСТ ТУ СТО,8.00,,1
75,СШХН-60,,,SG V,,ГОСТ ТУ СТО,,,1
76,СШХН-65,,,,,ГОСТ ТУ СТО,,,1
77,СШХНМ-40,,,,,ГОСТ ТУ СТО,9.00,,1
78,СШХНМ-45,,,SGA I,,ГОСТ ТУ СТО,,,1
79,СШХНМ-50,,,,,ГОСТ ТУ СТО,,,1
80,СШХНМ-55,,,SGA I,,ГОСТ ТУ СТО,,,1
81,СШХНМ-63,,,CC II,,ГОСТ ТУ СТО,,,1
82,СШХНМ-70,,,SGA II,,ГОСТ ТУ СТО,,,1
83,СШХНМД-50,,,CC III,,ГОСТ ТУ СТО,11.00,,1
84,СШХНМД-55,,,CC III,,ГОСТ ТУ СТО,,,1
85,СШХНМД-60,,,CC III,,ГОСТ ТУ СТО,,,1
86,СШХНМД-63,,,CC III,,ГОСТ ТУ СТО,,,1
87,СШХНт-50,,,SG V,,ГОСТ ТУ СТО,,,1
88,Твердый сплав,,,,,ГОСТ,,,1
89,ТПХН-60,,,CC III,,ГОСТ ТУ СТО,9.00,,1
90,ТПХНдц-60,,,CC II,,ГОСТ ТУ СТО,,,1
91,ТШХН-45,,,SG V,,ГОСТ ТУ СТО,,,1
92,ТШХН-50,,,SG V,,ГОСТ ТУ СТО,,,1
93,ТШХН-51,,,SG V,,ГОСТ ТУ СТО,,,1
94,ТШХН-65,,,CC IV,,ГОСТ ТУ СТО,,,1
95,ТШХНМ-42,,,SGA I,,ГОСТ ТУ СТО,,,1
96,ТШХНМ-50,,,SGA I,,ГОСТ ТУ СТО,11.00,,1
97,ТШХНМдц-55,,,,,ГОСТ ТУ СТО,,,1
98,ТШХНМц-60,,,CC II,,ГОСТ ТУ СТО,,,1
99,ЧНХМД,,,,,ГОСТ 7769-82,,,1
100,ЧХ1,,,,,ГОСТ 7769-82,,,1
101,ЧХ16,,,,,ГОСТ 7769-82,,,1
102,ЧХ16М2,,,,,ГОСТ 7769-82,,,1
103,ЧХ2,,,,,ГОСТ 7769-82,,,1
104,ЧХ28,,,,,ГОСТ 7769-82,,,1
105,ЧХ28Н2Т,,,,,ГОСТ 7769-82,,,1
106,ЧХ3,,,,,ГОСТ 7769-82,,,1
107,ЧХ32,,,,,ГОСТ 7769-82,,,1
108,ЧХ3Т,,,,,ГОСТ 7769-82,,,1
 8. Цветной металл,,,,,,,,,98
1,ZCuAl10Fe3,,,БрАЖ93Л,,ГОСТ,,,1
2,А12,,,,,ГОСТ,,,1
3,АД31,,,,,ГОСТ,,,1
4,АК5,,,Силумин,,ГОСТ,,,1
5,Ал.,,,,,ГОСТ,,,1
6,Ал. ZL102,,,,,ГОСТ,,,1
7,Ал. ZL104,,,,,ГОСТ,,,1
8,Ал3В,,,,,ГОСТ,,,1
9,АМ5,,,,,ГОСТ,,,1
10,АМГ2,,,,,ГОСТ,,,1
11,"АМг4,0",,,,,ГОСТ,,,1
12,АМРСО 18.23,,,,,ГОСТ,,,1
13,АМц,,,,,ГОСТ,,,1
14,Б16,,,,,ГОСТ,,,1
15,Бр МЦС 8-20,,,,,ГОСТ,,,1
16,Бр.ОЦС 5-5-5,,,,,ГОСТ,,,1
17,Бр010С10,,,,,ГОСТ,,,1
18,Бр010Ф1,,,,,ГОСТ,80.00,,1
19,Бр010Ц2,,,,,ГОСТ,80.00,,1
20,Бр05С25,,,,,ГОСТ,,,1
21,Бр05Ц5С5,,,,,ГОСТ,,,1
22,Бр06Ц6С3,,,,,ГОСТ,,,1
23,Бр08С-12,,,,,ГОСТ,,,1
24,Бр08С21,,,,,ГОСТ,,,1
25,Бр0С8-12,,,,,ГОСТ,,,1
26,"Бр0Ф10-0,5",,,,,ГОСТ,,,1
27,"Бр0Ф6,5-0,15",,,,,ГОСТ,,,1
28,"Бр0Ф7-0,2",,,,,ГОСТ,,,1
29,БрА10ЖЗ,,,,,ГОСТ,,,1
30,БрА10ЖЗМЦ2,,,,,ГОСТ 493-79,,,1
31,БрА11Ж4Н4Л,,,,,ГОСТ,,,1
32,БрА11Ж6Н6,,,,,ГОСТ,,,1
33,БрА9Ж3Л,,,,,ГОСТ,,,1
34,БрА9Ж4Л,,,,,ГОСТ,,,1
35,БрА9ЖЗЛ,,,,,ГОСТ,80.00,,1
36,БрАЖ10-4,,,,,ГОСТ,,,1
37,БрАЖ9-4,,,,,ГОСТ,80.00,,1
38,БрАЖ9-4Л,,,,,ГОСТ,,,1
39,"БрАЖМц10-3-1,5",,,,,ГОСТ,,,1
40,БрАЖМц10-3-1.5,,,,,ГОСТ,,,1
41,БрАЖН10-4-4,,,,,ГОСТ,80.00,,1
42,БрАЖН-10-4-4Л,,,,,ГОСТ,,,1
43,БрАМ5-5-5,,,,,ГОСТ,,,1
44,БрАмц9-2,,,,,ГОСТ,,,1
45,БрАНЖ6Н6,,,,,ГОСТ,80.00,,1
46,БрО10С10,,,,,ГОСТ,,,1
47,БрО10Ф1,,,,,ГОСТ,,,1
48,БрО5Ц5С5,,,,,ГОСТ,80.00,,1
49,БрО6Ц6С3,,,,,ГОСТ,,,1
50,БрО6Ц6С4,,,,,ГОСТ,,,1
51,БрО6Ц6С5,,,,,ГОСТ,,,1
52,БрО6Ц6С6,,,,,ГОСТ,,,1
53,БрО6Ц6С7,,,,,ГОСТ,,,1
54,БрО6Ц6С8,,,,,ГОСТ,,,1
55,Бронза 010С10,,,,,ГОСТ,,,1
56,Бронза ZCuAl10Fe3,,,,,ГОСТ,,,1
57,Бронза ZQSn10-1,,,,,ГОСТ,,,1
58,Бронза ZQSn6-6-3,,,,,ГОСТ,,,1
59,Бронза Бр.О5Ц5С5,,,,,ГОСТ,,,1
60,бронза БрА9Ж3Л,,,,,ГОСТ,,,1
61,Бронза БрО5Ц5С5,,,,,ГОСТ,,,1
62,бронза/латунь,,,,,ГОСТ,,,1
63,БрОС8-12,,,,,ГОСТ,,,1
64,БрОФ-10-1,,,,,ГОСТ,,,1
65,БрОФ7-0.2,,,,,ГОСТ,,,1
66,БрОЦС 5-5-5,,,,,ГОСТ,,,1
67,БрОЦС5-5-5,,,,,ГОСТ,,,1
68,БрОЦС6-6-3,,,,,ГОСТ,,,1
69,БрСр0.1,,,,,ГОСТ,,,1
70,БрХЦр,,,,,ГОСТ,,,1
71,ВТ1-0,,,,,ГОСТ,,,1
72,Д16,,,,,ГОСТ,,,1
73,Л63,,,,,ГОСТ,,,1
74,ЛАЖ-60-1-1Л,,,,,ГОСТ,,,1
75,ЛАЖМЦ 66-6-3-2,,,,,ГОСТ,,,1
76,ЛАЖМц66-6-3-2,,,,,ГОСТ,,,1
77,Латунь,,,,,ГОСТ,,,1
78,Латунь Н62,,,,,ГОСТ,,,1
79,Лента ДПРНТ,,,,,ГОСТ,,,1
80,ЛМцС 58-2-2,,,,,ГОСТ,,,1
81,ЛС59-1,,,,,ГОСТ,,,1
82,ЛЦ23А6Ж3Мц2,,,,,ГОСТ,,,1
83,ЛЦ38Мц2С2,,,,,ГОСТ,80.00,,1
84,М1,,,,,ГОСТ,,,1
85,М1р,,,,,ГОСТ,,,1
86,"М99,95-МП",,,,,ГОСТ,,,1
87,Медь,,,,,ГОСТ,,,1
88,Медь М1,,,,,ГОСТ,,,1
89,Медь М2,,,,,ГОСТ,,,1
90,Медь МС,,,,,ГОСТ,,,1
91,медь ТР1 ,,,,,ГОСТ,80.00,,1
92,МНЖ5-1,,,,,ГОСТ,,,1
93,НП2,,,,,ГОСТ,,,1
94,НП3,,,,,ГОСТ,,,1
95,ОЦС 5-5-5,,,,,ГОСТ,,,1
96,Т2,,,,,ГОСТ,,,1
97,Титан ВТ1-0,,,,,ГОСТ,,,1
98,ЦАМ10-5Л,,,,,ГОСТ 21437-95,,,1
 9. Прочие,,,,,,,,,4
1,Полиамид 6,,,Капролон,,ГОСТ,,,1
2,Полиамид 6-2л,,,Капролон,,ГОСТ,,,1
3,ПОН(б),,,,,ГОСТ,,,1
4,"Проволока Б-3-6,0",,,,,ГОСТ 9389,,,1
10. Немагнитные материалы.,,,,,,,,,1
1,Р550,,,,,ГОСТ,80.00,,1
Итого,,,,,,,,,910
